Feature Category & Capabilities,QuadERP (one plan since 8 October 2026)
Pricing,
Yearly fee,"GHS 1,000 a year, one branch included"
Each additional branch,"GHS 200 a year, charged in full when added and at every renewal"
Free trial,None: pay before use; try the public demo instead
,
Platform Basics,
Max Store Locations,1 included; each additional branch GHS 200 a year
Setup Fee,"GHS 1,000 one-time, paid with the first year"
,
Point of Sale (POS),
Max POS Terminals,Unlimited
Touch-Optimized Register,Yes
Multi-Payment (Cash/Card/Momo),Yes
Returns & Refunds,Yes
Till Management (Cash Drawer),Yes
,
Inventory & Stock Control,
Real-time Stock Sync,Yes
Low Stock Alerts,Yes
Stock Adjustments & Reconciliation,Yes
Multi-Store Stock Transfers,Yes
Centralized Warehouse Routing,Yes
,
Business Dashboard & Analytics,
Basic Sales Metrics & Charts,Yes
Top Selling Products,Yes
Advanced Loss Prevention Alerts,Yes
Employee Performance Tracking,Yes
Cross-Location Comparison,Yes
,
Integrated Accounting & Invoicing,
B2B Invoicing generation,Yes
Accounts Receivable (Who owes you),Yes
Accounts Payable (Who you owe),Yes
Basic Expense Logging,Yes
,
CRM & Customer Loyalty,
Customer Profiles & History,Yes
Loyalty Points & Rewards,Yes
Marketing Comms (SMS/Email),Yes
,
Purchasing & Supply Chain,
Supplier Directory,Yes
Create Purchase Orders (POs),Yes
Auto-Receive POs into Stock,Yes
,
Staff Management & Security,
Basic Staff Profiles,Yes
Advanced Role-Based Permissions,Yes
Detailed Activity Audit Logs,Yes
,
Enterprise / Technical Extras,
Custom API Integrations,Yes
Legacy Data Migration,Yes
On-site Staff Training,Yes
Custom SLA (99.9% Uptime),Yes
